{
    "key0": 86,
    "key1": -87,
    "key2": 23,
    "key3": -31,
    "key4": -66,
    "key5": 80,
    "key6": 75,
    "key7": 28,
    "key8": -72,
    "key9": 15,
    "key10": -48,
    "key11": 27,
    "key12": 10,
    "key13": 92,
    "key14": 5,
    "key15": 35,
    "key16": 59,
    "key17": 71,
    "key18": -56,
    "key19": 4,
    "key20": 19,
    "key21": 45,
    "key22": -86,
    "key23": -35,
    "key24": 69,
    "key25": -99,
    "key26": -33,
    "key27": 2,
    "key28": -22,
    "key29": -65,
    "key30": -59,
    "key31": 93,
    "key32": 29,
    "key33": 78,
    "key34": -31,
    "key35": -4,
    "key36": 32,
    "key37": 59,
    "key38": -73,
    "key39": 36,
    "key40": 56,
    "key41": -77,
    "key42": 23,
    "key43": 46,
    "key44": 1,
    "key45": -25,
    "key46": 88,
    "key47": -57,
    "key48": -49,
    "key49": -69,
    "key50": 78,
    "key51": -13,
    "key52": 15,
    "key53": 75,
    "key54": -12,
    "key55": -31,
    "key56": 92,
    "key57": -43,
    "key58": 6,
    "key59": -67,
    "key60": -23,
    "key61": -66,
    "key62": 74,
    "key63": 61,
    "key64": -15,
    "key65": 89,
    "key66": 98,
    "key67": -15,
    "key68": -78,
    "key69": -43,
    "key70": 22,
    "key71": -52,
    "key72": 67,
    "key73": 50,
    "key74": -88,
    "key75": 5,
    "key76": -77,
    "key77": 21,
    "key78": 74,
    "key79": 9,
    "key80": 23,
    "key81": -6,
    "key82": -66,
    "key83": 59,
    "key84": 10,
    "key85": 67,
    "key86": -85,
    "key87": 55,
    "key88": 16,
    "key89": -30,
    "key90": 27,
    "key91": -48,
    "key92": -37,
    "key93": -87,
    "key94": 52,
    "key95": -1,
    "key96": 57,
    "key97": -90,
    "key98": 41,
    "key99": 3,
    "key100": 93,
    "key101": 14,
    "key102": -40,
    "key103": -57,
    "key104": -59,
    "key105": 86,
    "key106": -14,
    "key107": 7,
    "key108": -42,
    "key109": 48,
    "key110": -37,
    "key111": 97,
    "key112": -36,
    "key113": -89,
    "key114": -15,
    "key115": -73,
    "key116": -36,
    "key117": 34,
    "key118": -14,
    "key119": 7,
    "key120": -87,
    "key121": 63,
    "key122": -28,
    "key123": -59,
    "key124": 46,
    "key125": -23,
    "key126": -91,
    "key127": -42,
    "key128": 14,
    "key129": 15,
    "key130": 80,
    "key131": 95,
    "key132": 17,
    "key133": 30,
    "key134": 16,
    "key135": -4,
    "key136": 87,
    "key137": 67,
    "key138": -36,
    "key139": -23,
    "key140": -72,
    "key141": -42,
    "key142": 7,
    "key143": -83,
    "key144": 66,
    "key145": -71,
    "key146": 70,
    "key147": -1,
    "key148": 70,
    "key149": 94,
    "key150": -93,
    "key151": -55,
    "key152": 35,
    "key153": 31,
    "key154": 84,
    "key155": 12,
    "key156": -57,
    "key157": -51,
    "key158": -18,
    "key159": -83,
    "key160": -36,
    "key161": -21,
    "key162": -46,
    "key163": 89,
    "key164": -93,
    "key165": -15,
    "key166": 8,
    "key167": -49,
    "key168": -56,
    "key169": 13,
    "key170": -98,
    "key171": -85,
    "key172": 14,
    "key173": 48,
    "key174": 31,
    "key175": -4,
    "key176": -86,
    "key177": 8,
    "key178": 99,
    "key179": -72,
    "key180": -27,
    "key181": 97,
    "key182": -61,
    "key183": -16,
    "key184": -72,
    "key185": -58,
    "key186": 23,
    "key187": -96,
    "key188": 91,
    "key189": -88,
    "key190": -44,
    "key191": 4,
    "key192": -81,
    "key193": -40,
    "key194": -9,
    "key195": -94,
    "key196": 57,
    "key197": -80,
    "key198": 35,
    "key199": 23,
    "key200": 10,
    "key201": -11,
    "key202": 81,
    "key203": 25,
    "key204": -24,
    "key205": 67,
    "key206": 6,
    "key207": -98,
    "key208": -57,
    "key209": -15,
    "key210": -78,
    "key211": 22
}